<?xml version="1.0" encoding="UTF-8"?>
<beans xmlns="http://www.springframework.org/schema/beans"
	xmlns:xsi="http://www.w3.org/2001/XMLSchema-instance"
	xmlns:context="http://www.springframework.org/schema/context"
	xsi:schemaLocation="http://www.springframework.org/schema/beans http://www.springframework.org/schema/beans/spring-beans.xsd
		http://www.springframework.org/schema/context http://www.springframework.org/schema/context/spring-context-4.3.xsd">

	<bean id="msg" class="com.demo.spring.Message">
		<property name="header" value="Mail header" />
		<property name="body" value="Mial body" />
	</bean>

	<bean id="mail" class="com.demo.spring.Mail">
		<property name="toAddress" value="all"/>
		<property name="fromAddress" value ="me"/>
		<property name="message" ref="msg"/>
	
	</bean>
</beans>
