<?xml version="1.0" encoding="UTF-8"?><employee-records>
<emp><city>Hyderabad</city><empId>102</empId><name>Gopi</name><salary>50000.0</salary></emp>
<emp><city>Hyderabad</city><empId>103</empId><name>Bhav</name><salary>50000.0</salary></emp>
<emp><city>London</city><empId>300</empId><name>Jhon</name><salary>100000.0</salary></emp>
<emp><city>London</city><empId>301</empId><name>Jhon</name><salary>100000.0</salary></emp>
<emp><city>London</city><empId>302</empId><name>Jhon</name><salary>100000.0</salary></emp>
<emp><city>Hyd</city><empId>305</empId><name>Dileep</name><salary>100000.0</salary></emp>
<emp><city>Hyd</city><empId>306</empId><name>Dileep</name><salary>100000.0</salary></emp>
<emp><city>Hyd</city><empId>308</empId><name>Sraveen</name><salary>100000.0</salary></emp>
<emp><city>Hyderabad</city><empId>311</empId><name>Dileep</name><salary>50000.0</salary></emp>
<emp><city>Hyderabad</city><empId>312</empId><name>Dileep</name><salary>50000.0</salary></emp>
</employee-records>